Category,Subcategory,Sub_Subcategory,Semester,Year,Internal,Subject_Code,Subject_Name,Module,Title,Telegram_File_ID,File_Name,Notes
Notes,,,1,,,M24CA1C101,Mathematical Foundations,1,Module 1 Notes,,,
Notes,,,1,,,M24CA1C101,Mathematical Foundations,2,Module 2 Notes,,,
Notes,,,1,,,M24CA1C101,Mathematical Foundations,3,Module 3 Notes,,,
Notes,,,1,,,M24CA1C101,Mathematical Foundations,4,Module 4 Notes,,,
Notes,,,1,,,M24CA1C101,Mathematical Foundations,5,Module 5 Notes,,,
Notes,,,1,,,M24CA1C102,Digital Fundamentals,1,Module 1 Notes,,,
Notes,,,1,,,M24CA1C102,Digital Fundamentals,2,Module 2 Notes,,,
Notes,,,1,,,M24CA1C102,Digital Fundamentals,3,Module 3 Notes,,,
Notes,,,1,,,M24CA1C102,Digital Fundamentals,4,Module 4 Notes,,,
Notes,,,1,,,M24CA1C102,Digital Fundamentals,5,Module 5 Notes,,,
Notes,,,1,,,M24CA1C103,Advanced Software Engineering,1,Module 1 Notes,,,
Notes,,,1,,,M24CA1C103,Advanced Software Engineering,2,Module 2 Notes,,,
Notes,,,1,,,M24CA1C103,Advanced Software Engineering,3,Module 3 Notes,,,
Notes,,,1,,,M24CA1C103,Advanced Software Engineering,4,Module 4 Notes,,,
Notes,,,1,,,M24CA1C103,Advanced Software Engineering,5,Module 5 Notes,,,
Notes,,,1,,,M24CA1C104,Advanced Data Structures,1,Module 1 Notes,,,
Notes,,,1,,,M24CA1C104,Advanced Data Structures,2,Module 2 Notes,,,
Notes,,,1,,,M24CA1C104,Advanced Data Structures,3,Module 3 Notes,,,
Notes,,,1,,,M24CA1C104,Advanced Data Structures,4,Module 4 Notes,,,
Notes,,,1,,,M24CA1C104,Advanced Data Structures,5,Module 5 Notes,,,
Notes,,,2,,,M24CA1C201,Advanced Computer Networks,1,Module 1 Notes,,,
Notes,,,2,,,M24CA1C201,Advanced Computer Networks,2,Module 2 Notes,,,
Notes,,,2,,,M24CA1C201,Advanced Computer Networks,3,Module 3 Notes,,,
Notes,,,2,,,M24CA1C201,Advanced Computer Networks,4,Module 4 Notes,,,
Notes,,,2,,,M24CA1C201,Advanced Computer Networks,5,Module 5 Notes,,,
Notes,,,2,,,M24CA1C202,Advanced DBMS,1,Module 1 Notes,,,
Notes,,,2,,,M24CA1C202,Advanced DBMS,2,Module 2 Notes,,,
Notes,,,2,,,M24CA1C202,Advanced DBMS,3,Module 3 Notes,,,
Notes,,,2,,,M24CA1C202,Advanced DBMS,4,Module 4 Notes,,,
Notes,,,2,,,M24CA1C202,Advanced DBMS,5,Module 5 Notes,,,
Notes,,,2,,,M24CA1C203,Advanced Operating Systems,1,Module 1 Notes,,,
Notes,,,2,,,M24CA1C203,Advanced Operating Systems,2,Module 2 Notes,,,
Notes,,,2,,,M24CA1C203,Advanced Operating Systems,3,Module 3 Notes,,,
Notes,,,2,,,M24CA1C203,Advanced Operating Systems,4,Module 4 Notes,,,
Notes,,,2,,,M24CA1C203,Advanced Operating Systems,5,Module 5 Notes,,,
Notes,,,2,,,M24CA1E204B,Data Visualization,1,Module 1 Notes,,,
Notes,,,2,,,M24CA1E204B,Data Visualization,2,Module 2 Notes,,,
Notes,,,2,,,M24CA1E204B,Data Visualization,3,Module 3 Notes,,,
Notes,,,2,,,M24CA1E204B,Data Visualization,4,Module 4 Notes,,,
Notes,,,2,,,M24CA1E204B,Data Visualization,5,Module 5 Notes,,,
Notes,,,2,,,M24CA1E204D,Cloud Computing,1,Module 1 Notes,,,
Notes,,,2,,,M24CA1E204D,Cloud Computing,2,Module 2 Notes,,,
Notes,,,2,,,M24CA1E204D,Cloud Computing,3,Module 3 Notes,,,
Notes,,,2,,,M24CA1E204D,Cloud Computing,4,Module 4 Notes,,,
Notes,,,2,,,M24CA1E204D,Cloud Computing,5,Module 5 Notes,,,
Notes,,,3,,,M24CA1C301,Data Science and ML,1,Module 1 Notes,,,
Notes,,,3,,,M24CA1C301,Data Science and ML,2,Module 2 Notes,,,
Notes,,,3,,,M24CA1C301,Data Science and ML,3,Module 3 Notes,,,
Notes,,,3,,,M24CA1C301,Data Science and ML,4,Module 4 Notes,,,
Notes,,,3,,,M24CA1C301,Data Science and ML,5,Module 5 Notes,,,
Notes,,,3,,,M24CA1C302,DAA,1,Module 1 Notes,,,
Notes,,,3,,,M24CA1C302,DAA,2,Module 2 Notes,,,
Notes,,,3,,,M24CA1C302,DAA,3,Module 3 Notes,,,
Notes,,,3,,,M24CA1C302,DAA,4,Module 4 Notes,,,
Notes,,,3,,,M24CA1C302,DAA,5,Module 5 Notes,,,
Notes,,,3,,,M24CA1E303A,Artificial Intelligence,1,Module 1 Notes,,,
Notes,,,3,,,M24CA1E303A,Artificial Intelligence,2,Module 2 Notes,,,
Notes,,,3,,,M24CA1E303A,Artificial Intelligence,3,Module 3 Notes,,,
Notes,,,3,,,M24CA1E303A,Artificial Intelligence,4,Module 4 Notes,,,
Notes,,,3,,,M24CA1E303A,Artificial Intelligence,5,Module 5 Notes,,,
Notes,,,3,,,M24CA1E303D,Big Data,1,Module 1 Notes,,,
Notes,,,3,,,M24CA1E303D,Big Data,2,Module 2 Notes,,,
Notes,,,3,,,M24CA1E303D,Big Data,3,Module 3 Notes,,,
Notes,,,3,,,M24CA1E303D,Big Data,4,Module 4 Notes,,,
Notes,,,3,,,M24CA1E303D,Big Data,5,Module 5 Notes,,,
Notes,,,3,,,M24CA1E304A,Deep Learning,1,Module 1 Notes,,,
Notes,,,3,,,M24CA1E304A,Deep Learning,2,Module 2 Notes,,,
Notes,,,3,,,M24CA1E304A,Deep Learning,3,Module 3 Notes,,,
Notes,,,3,,,M24CA1E304A,Deep Learning,4,Module 4 Notes,,,
Notes,,,3,,,M24CA1E304A,Deep Learning,5,Module 5 Notes,,,
Notes,,,3,,,M24CA1E304D,Cloud with AWS,1,Module 1 Notes,,,
Notes,,,3,,,M24CA1E304D,Cloud with AWS,2,Module 2 Notes,,,
Notes,,,3,,,M24CA1E304D,Cloud with AWS,3,Module 3 Notes,,,
Notes,,,3,,,M24CA1E304D,Cloud with AWS,4,Module 4 Notes,,,
Notes,,,3,,,M24CA1E304D,Cloud with AWS,5,Module 5 Notes,,,
Question Papers,Sample Papers,,1,,,M24CA1C101,Mathematical Foundations,,Sample Paper,,,
Question Papers,Semester Examination,,1,2024,,M24CA1C101,Mathematical Foundations,,Semester Exam 2024,,,
Question Papers,Internal Examination,First Internal,1,2024,1,M24CA1C101,Mathematical Foundations,,First Internal 2024,,,
Question Papers,Internal Examination,Second Internal,1,2024,2,M24CA1C101,Mathematical Foundations,,Second Internal 2024,,,
Question Papers,Semester Examination,,1,2025,,M24CA1C101,Mathematical Foundations,,Semester Exam 2025,,,
Question Papers,Internal Examination,First Internal,1,2025,1,M24CA1C101,Mathematical Foundations,,First Internal 2025,,,
Question Papers,Internal Examination,Second Internal,1,2025,2,M24CA1C101,Mathematical Foundations,,Second Internal 2025,,,
Question Papers,Sample Papers,,1,,,M24CA1C102,Digital Fundamentals,,Sample Paper,,,
Question Papers,Semester Examination,,1,2024,,M24CA1C102,Digital Fundamentals,,Semester Exam 2024,,,
Question Papers,Internal Examination,First Internal,1,2024,1,M24CA1C102,Digital Fundamentals,,First Internal 2024,,,
Question Papers,Internal Examination,Second Internal,1,2024,2,M24CA1C102,Digital Fundamentals,,Second Internal 2024,,,
Question Papers,Semester Examination,,1,2025,,M24CA1C102,Digital Fundamentals,,Semester Exam 2025,,,
Question Papers,Internal Examination,First Internal,1,2025,1,M24CA1C102,Digital Fundamentals,,First Internal 2025,,,
Question Papers,Internal Examination,Second Internal,1,2025,2,M24CA1C102,Digital Fundamentals,,Second Internal 2025,,,
Question Papers,Sample Papers,,1,,,M24CA1C103,Advanced Software Engineering,,Sample Paper,,,
Question Papers,Semester Examination,,1,2024,,M24CA1C103,Advanced Software Engineering,,Semester Exam 2024,,,
Question Papers,Internal Examination,First Internal,1,2024,1,M24CA1C103,Advanced Software Engineering,,First Internal 2024,,,
Question Papers,Internal Examination,Second Internal,1,2024,2,M24CA1C103,Advanced Software Engineering,,Second Internal 2024,,,
Question Papers,Semester Examination,,1,2025,,M24CA1C103,Advanced Software Engineering,,Semester Exam 2025,,,
Question Papers,Internal Examination,First Internal,1,2025,1,M24CA1C103,Advanced Software Engineering,,First Internal 2025,,,
Question Papers,Internal Examination,Second Internal,1,2025,2,M24CA1C103,Advanced Software Engineering,,Second Internal 2025,,,
Question Papers,Sample Papers,,1,,,M24CA1C104,Advanced Data Structures,,Sample Paper,,,
Question Papers,Semester Examination,,1,2024,,M24CA1C104,Advanced Data Structures,,Semester Exam 2024,,,
Question Papers,Internal Examination,First Internal,1,2024,1,M24CA1C104,Advanced Data Structures,,First Internal 2024,,,
Question Papers,Internal Examination,Second Internal,1,2024,2,M24CA1C104,Advanced Data Structures,,Second Internal 2024,,,
Question Papers,Semester Examination,,1,2025,,M24CA1C104,Advanced Data Structures,,Semester Exam 2025,,,
Question Papers,Internal Examination,First Internal,1,2025,1,M24CA1C104,Advanced Data Structures,,First Internal 2025,,,
Question Papers,Internal Examination,Second Internal,1,2025,2,M24CA1C104,Advanced Data Structures,,Second Internal 2025,,,
Question Papers,Sample Papers,,1,,,M24CA1B105,Web Development Lab,,Sample Paper,,,
Question Papers,Semester Examination,,1,2024,,M24CA1B105,Web Development Lab,,Semester Exam 2024,,,
Question Papers,Internal Examination,First Internal,1,2024,1,M24CA1B105,Web Development Lab,,First Internal 2024,,,
Question Papers,Internal Examination,Second Internal,1,2024,2,M24CA1B105,Web Development Lab,,Second Internal 2024,,,
Question Papers,Semester Examination,,1,2025,,M24CA1B105,Web Development Lab,,Semester Exam 2025,,,
Question Papers,Internal Examination,First Internal,1,2025,1,M24CA1B105,Web Development Lab,,First Internal 2025,,,
Question Papers,Internal Examination,Second Internal,1,2025,2,M24CA1B105,Web Development Lab,,Second Internal 2025,,,
Question Papers,Sample Papers,,1,,,M24CA1L106,Programming Lab,,Sample Paper,,,
Question Papers,Semester Examination,,1,2024,,M24CA1L106,Programming Lab,,Semester Exam 2024,,,
Question Papers,Internal Examination,First Internal,1,2024,1,M24CA1L106,Programming Lab,,First Internal 2024,,,
Question Papers,Internal Examination,Second Internal,1,2024,2,M24CA1L106,Programming Lab,,Second Internal 2024,,,
Question Papers,Semester Examination,,1,2025,,M24CA1L106,Programming Lab,,Semester Exam 2025,,,
Question Papers,Internal Examination,First Internal,1,2025,1,M24CA1L106,Programming Lab,,First Internal 2025,,,
Question Papers,Internal Examination,Second Internal,1,2025,2,M24CA1L106,Programming Lab,,Second Internal 2025,,,
Question Papers,Sample Papers,,1,,,M24CA1L107,Data Structures Lab,,Sample Paper,,,
Question Papers,Semester Examination,,1,2024,,M24CA1L107,Data Structures Lab,,Semester Exam 2024,,,
Question Papers,Internal Examination,First Internal,1,2024,1,M24CA1L107,Data Structures Lab,,First Internal 2024,,,
Question Papers,Internal Examination,Second Internal,1,2024,2,M24CA1L107,Data Structures Lab,,Second Internal 2024,,,
Question Papers,Semester Examination,,1,2025,,M24CA1L107,Data Structures Lab,,Semester Exam 2025,,,
Question Papers,Internal Examination,First Internal,1,2025,1,M24CA1L107,Data Structures Lab,,First Internal 2025,,,
Question Papers,Internal Examination,Second Internal,1,2025,2,M24CA1L107,Data Structures Lab,,Second Internal 2025,,,
Question Papers,Sample Papers,,1,,,M24CA1N108,Research Methodology,,Sample Paper,,,
Question Papers,Semester Examination,,1,2024,,M24CA1N108,Research Methodology,,Semester Exam 2024,,,
Question Papers,Internal Examination,First Internal,1,2024,1,M24CA1N108,Research Methodology,,First Internal 2024,,,
Question Papers,Internal Examination,Second Internal,1,2024,2,M24CA1N108,Research Methodology,,Second Internal 2024,,,
Question Papers,Semester Examination,,1,2025,,M24CA1N108,Research Methodology,,Semester Exam 2025,,,
Question Papers,Internal Examination,First Internal,1,2025,1,M24CA1N108,Research Methodology,,First Internal 2025,,,
Question Papers,Internal Examination,Second Internal,1,2025,2,M24CA1N108,Research Methodology,,Second Internal 2025,,,
Question Papers,Sample Papers,,2,,,M24CA1C201,Advanced Computer Networks,,Sample Paper,,,
Question Papers,Semester Examination,,2,2024,,M24CA1C201,Advanced Computer Networks,,Semester Exam 2024,,,
Question Papers,Internal Examination,First Internal,2,2024,1,M24CA1C201,Advanced Computer Networks,,First Internal 2024,,,
Question Papers,Internal Examination,Second Internal,2,2024,2,M24CA1C201,Advanced Computer Networks,,Second Internal 2024,,,
Question Papers,Semester Examination,,2,2025,,M24CA1C201,Advanced Computer Networks,,Semester Exam 2025,,,
Question Papers,Internal Examination,First Internal,2,2025,1,M24CA1C201,Advanced Computer Networks,,First Internal 2025,,,
Question Papers,Internal Examination,Second Internal,2,2025,2,M24CA1C201,Advanced Computer Networks,,Second Internal 2025,,,
Question Papers,Sample Papers,,2,,,M24CA1C202,Advanced DBMS,,Sample Paper,,,
Question Papers,Semester Examination,,2,2024,,M24CA1C202,Advanced DBMS,,Semester Exam 2024,,,
Question Papers,Internal Examination,First Internal,2,2024,1,M24CA1C202,Advanced DBMS,,First Internal 2024,,,
Question Papers,Internal Examination,Second Internal,2,2024,2,M24CA1C202,Advanced DBMS,,Second Internal 2024,,,
Question Papers,Semester Examination,,2,2025,,M24CA1C202,Advanced DBMS,,Semester Exam 2025,,,
Question Papers,Internal Examination,First Internal,2,2025,1,M24CA1C202,Advanced DBMS,,First Internal 2025,,,
Question Papers,Internal Examination,Second Internal,2,2025,2,M24CA1C202,Advanced DBMS,,Second Internal 2025,,,
Question Papers,Sample Papers,,2,,,M24CA1C203,Advanced Operating Systems,,Sample Paper,,,
Question Papers,Semester Examination,,2,2024,,M24CA1C203,Advanced Operating Systems,,Semester Exam 2024,,,
Question Papers,Internal Examination,First Internal,2,2024,1,M24CA1C203,Advanced Operating Systems,,First Internal 2024,,,
Question Papers,Internal Examination,Second Internal,2,2024,2,M24CA1C203,Advanced Operating Systems,,Second Internal 2024,,,
Question Papers,Semester Examination,,2,2025,,M24CA1C203,Advanced Operating Systems,,Semester Exam 2025,,,
Question Papers,Internal Examination,First Internal,2,2025,1,M24CA1C203,Advanced Operating Systems,,First Internal 2025,,,
Question Papers,Internal Examination,Second Internal,2,2025,2,M24CA1C203,Advanced Operating Systems,,Second Internal 2025,,,
Question Papers,Sample Papers,,2,,,M24CA1E204B,Data Visualization,,Sample Paper,,,
Question Papers,Semester Examination,,2,2024,,M24CA1E204B,Data Visualization,,Semester Exam 2024,,,
Question Papers,Internal Examination,First Internal,2,2024,1,M24CA1E204B,Data Visualization,,First Internal 2024,,,
Question Papers,Internal Examination,Second Internal,2,2024,2,M24CA1E204B,Data Visualization,,Second Internal 2024,,,
Question Papers,Semester Examination,,2,2025,,M24CA1E204B,Data Visualization,,Semester Exam 2025,,,
Question Papers,Internal Examination,First Internal,2,2025,1,M24CA1E204B,Data Visualization,,First Internal 2025,,,
Question Papers,Internal Examination,Second Internal,2,2025,2,M24CA1E204B,Data Visualization,,Second Internal 2025,,,
Question Papers,Sample Papers,,2,,,M24CA1E204D,Cloud Computing,,Sample Paper,,,
Question Papers,Semester Examination,,2,2024,,M24CA1E204D,Cloud Computing,,Semester Exam 2024,,,
Question Papers,Internal Examination,First Internal,2,2024,1,M24CA1E204D,Cloud Computing,,First Internal 2024,,,
Question Papers,Internal Examination,Second Internal,2,2024,2,M24CA1E204D,Cloud Computing,,Second Internal 2024,,,
Question Papers,Semester Examination,,2,2025,,M24CA1E204D,Cloud Computing,,Semester Exam 2025,,,
Question Papers,Internal Examination,First Internal,2,2025,1,M24CA1E204D,Cloud Computing,,First Internal 2025,,,
Question Papers,Internal Examination,Second Internal,2,2025,2,M24CA1E204D,Cloud Computing,,Second Internal 2025,,,
Question Papers,Sample Papers,,2,,,M24CA1B205,OOP Lab,,Sample Paper,,,
Question Papers,Semester Examination,,2,2024,,M24CA1B205,OOP Lab,,Semester Exam 2024,,,
Question Papers,Internal Examination,First Internal,2,2024,1,M24CA1B205,OOP Lab,,First Internal 2024,,,
Question Papers,Internal Examination,Second Internal,2,2024,2,M24CA1B205,OOP Lab,,Second Internal 2024,,,
Question Papers,Semester Examination,,2,2025,,M24CA1B205,OOP Lab,,Semester Exam 2025,,,
Question Papers,Internal Examination,First Internal,2,2025,1,M24CA1B205,OOP Lab,,First Internal 2025,,,
Question Papers,Internal Examination,Second Internal,2,2025,2,M24CA1B205,OOP Lab,,Second Internal 2025,,,
Question Papers,Sample Papers,,2,,,M24CA1L206,Advanced Database Lab,,Sample Paper,,,
Question Papers,Semester Examination,,2,2024,,M24CA1L206,Advanced Database Lab,,Semester Exam 2024,,,
Question Papers,Internal Examination,First Internal,2,2024,1,M24CA1L206,Advanced Database Lab,,First Internal 2024,,,
Question Papers,Internal Examination,Second Internal,2,2024,2,M24CA1L206,Advanced Database Lab,,Second Internal 2024,,,
Question Papers,Semester Examination,,2,2025,,M24CA1L206,Advanced Database Lab,,Semester Exam 2025,,,
Question Papers,Internal Examination,First Internal,2,2025,1,M24CA1L206,Advanced Database Lab,,First Internal 2025,,,
Question Papers,Internal Examination,Second Internal,2,2025,2,M24CA1L206,Advanced Database Lab,,Second Internal 2025,,,
Question Papers,Sample Papers,,2,,,M24CA1L207,Operating Systems Lab,,Sample Paper,,,
Question Papers,Semester Examination,,2,2024,,M24CA1L207,Operating Systems Lab,,Semester Exam 2024,,,
Question Papers,Internal Examination,First Internal,2,2024,1,M24CA1L207,Operating Systems Lab,,First Internal 2024,,,
Question Papers,Internal Examination,Second Internal,2,2024,2,M24CA1L207,Operating Systems Lab,,Second Internal 2024,,,
Question Papers,Semester Examination,,2,2025,,M24CA1L207,Operating Systems Lab,,Semester Exam 2025,,,
Question Papers,Internal Examination,First Internal,2,2025,1,M24CA1L207,Operating Systems Lab,,First Internal 2025,,,
Question Papers,Internal Examination,Second Internal,2,2025,2,M24CA1L207,Operating Systems Lab,,Second Internal 2025,,,
Question Papers,Sample Papers,,2,,,M24CA1N208,PDLES,,Sample Paper,,,
Question Papers,Semester Examination,,2,2024,,M24CA1N208,PDLES,,Semester Exam 2024,,,
Question Papers,Internal Examination,First Internal,2,2024,1,M24CA1N208,PDLES,,First Internal 2024,,,
Question Papers,Internal Examination,Second Internal,2,2024,2,M24CA1N208,PDLES,,Second Internal 2024,,,
Question Papers,Semester Examination,,2,2025,,M24CA1N208,PDLES,,Semester Exam 2025,,,
Question Papers,Internal Examination,First Internal,2,2025,1,M24CA1N208,PDLES,,First Internal 2025,,,
Question Papers,Internal Examination,Second Internal,2,2025,2,M24CA1N208,PDLES,,Second Internal 2025,,,
Question Papers,Sample Papers,,3,,,M24CA1C301,Data Science and ML,,Sample Paper,,,
Question Papers,Semester Examination,,3,2024,,M24CA1C301,Data Science and ML,,Semester Exam 2024,,,
Question Papers,Internal Examination,First Internal,3,2024,1,M24CA1C301,Data Science and ML,,First Internal 2024,,,
Question Papers,Internal Examination,Second Internal,3,2024,2,M24CA1C301,Data Science and ML,,Second Internal 2024,,,
Question Papers,Semester Examination,,3,2025,,M24CA1C301,Data Science and ML,,Semester Exam 2025,,,
Question Papers,Internal Examination,First Internal,3,2025,1,M24CA1C301,Data Science and ML,,First Internal 2025,,,
Question Papers,Internal Examination,Second Internal,3,2025,2,M24CA1C301,Data Science and ML,,Second Internal 2025,,,
Question Papers,Sample Papers,,3,,,M24CA1C302,DAA,,Sample Paper,,,
Question Papers,Semester Examination,,3,2024,,M24CA1C302,DAA,,Semester Exam 2024,,,
Question Papers,Internal Examination,First Internal,3,2024,1,M24CA1C302,DAA,,First Internal 2024,,,
Question Papers,Internal Examination,Second Internal,3,2024,2,M24CA1C302,DAA,,Second Internal 2024,,,
Question Papers,Semester Examination,,3,2025,,M24CA1C302,DAA,,Semester Exam 2025,,,
Question Papers,Internal Examination,First Internal,3,2025,1,M24CA1C302,DAA,,First Internal 2025,,,
Question Papers,Internal Examination,Second Internal,3,2025,2,M24CA1C302,DAA,,Second Internal 2025,,,
Question Papers,Sample Papers,,3,,,M24CA1E303A,Artificial Intelligence,,Sample Paper,,,
Question Papers,Semester Examination,,3,2024,,M24CA1E303A,Artificial Intelligence,,Semester Exam 2024,,,
Question Papers,Internal Examination,First Internal,3,2024,1,M24CA1E303A,Artificial Intelligence,,First Internal 2024,,,
Question Papers,Internal Examination,Second Internal,3,2024,2,M24CA1E303A,Artificial Intelligence,,Second Internal 2024,,,
Question Papers,Semester Examination,,3,2025,,M24CA1E303A,Artificial Intelligence,,Semester Exam 2025,,,
Question Papers,Internal Examination,First Internal,3,2025,1,M24CA1E303A,Artificial Intelligence,,First Internal 2025,,,
Question Papers,Internal Examination,Second Internal,3,2025,2,M24CA1E303A,Artificial Intelligence,,Second Internal 2025,,,
Question Papers,Sample Papers,,3,,,M24CA1E303D,Big Data,,Sample Paper,,,
Question Papers,Semester Examination,,3,2024,,M24CA1E303D,Big Data,,Semester Exam 2024,,,
Question Papers,Internal Examination,First Internal,3,2024,1,M24CA1E303D,Big Data,,First Internal 2024,,,
Question Papers,Internal Examination,Second Internal,3,2024,2,M24CA1E303D,Big Data,,Second Internal 2024,,,
Question Papers,Semester Examination,,3,2025,,M24CA1E303D,Big Data,,Semester Exam 2025,,,
Question Papers,Internal Examination,First Internal,3,2025,1,M24CA1E303D,Big Data,,First Internal 2025,,,
Question Papers,Internal Examination,Second Internal,3,2025,2,M24CA1E303D,Big Data,,Second Internal 2025,,,
Question Papers,Sample Papers,,3,,,M24CA1E304A,Deep Learning,,Sample Paper,,,
Question Papers,Semester Examination,,3,2024,,M24CA1E304A,Deep Learning,,Semester Exam 2024,,,
Question Papers,Internal Examination,First Internal,3,2024,1,M24CA1E304A,Deep Learning,,First Internal 2024,,,
Question Papers,Internal Examination,Second Internal,3,2024,2,M24CA1E304A,Deep Learning,,Second Internal 2024,,,
Question Papers,Semester Examination,,3,2025,,M24CA1E304A,Deep Learning,,Semester Exam 2025,,,
Question Papers,Internal Examination,First Internal,3,2025,1,M24CA1E304A,Deep Learning,,First Internal 2025,,,
Question Papers,Internal Examination,Second Internal,3,2025,2,M24CA1E304A,Deep Learning,,Second Internal 2025,,,
Question Papers,Sample Papers,,3,,,M24CA1E304D,Cloud with AWS,,Sample Paper,,,
Question Papers,Semester Examination,,3,2024,,M24CA1E304D,Cloud with AWS,,Semester Exam 2024,,,
Question Papers,Internal Examination,First Internal,3,2024,1,M24CA1E304D,Cloud with AWS,,First Internal 2024,,,
Question Papers,Internal Examination,Second Internal,3,2024,2,M24CA1E304D,Cloud with AWS,,Second Internal 2024,,,
Question Papers,Semester Examination,,3,2025,,M24CA1E304D,Cloud with AWS,,Semester Exam 2025,,,
Question Papers,Internal Examination,First Internal,3,2025,1,M24CA1E304D,Cloud with AWS,,First Internal 2025,,,
Question Papers,Internal Examination,Second Internal,3,2025,2,M24CA1E304D,Cloud with AWS,,Second Internal 2025,,,
Question Papers,Sample Papers,,3,,,M24CA1B305,Mobile App Lab,,Sample Paper,,,
Question Papers,Semester Examination,,3,2024,,M24CA1B305,Mobile App Lab,,Semester Exam 2024,,,
Question Papers,Internal Examination,First Internal,3,2024,1,M24CA1B305,Mobile App Lab,,First Internal 2024,,,
Question Papers,Internal Examination,Second Internal,3,2024,2,M24CA1B305,Mobile App Lab,,Second Internal 2024,,,
Question Papers,Semester Examination,,3,2025,,M24CA1B305,Mobile App Lab,,Semester Exam 2025,,,
Question Papers,Internal Examination,First Internal,3,2025,1,M24CA1B305,Mobile App Lab,,First Internal 2025,,,
Question Papers,Internal Examination,Second Internal,3,2025,2,M24CA1B305,Mobile App Lab,,Second Internal 2025,,,
Question Papers,Sample Papers,,3,,,M24CA1L306,Data Science Lab,,Sample Paper,,,
Question Papers,Semester Examination,,3,2024,,M24CA1L306,Data Science Lab,,Semester Exam 2024,,,
Question Papers,Internal Examination,First Internal,3,2024,1,M24CA1L306,Data Science Lab,,First Internal 2024,,,
Question Papers,Internal Examination,Second Internal,3,2024,2,M24CA1L306,Data Science Lab,,Second Internal 2024,,,
Question Papers,Semester Examination,,3,2025,,M24CA1L306,Data Science Lab,,Semester Exam 2025,,,
Question Papers,Internal Examination,First Internal,3,2025,1,M24CA1L306,Data Science Lab,,First Internal 2025,,,
Question Papers,Internal Examination,Second Internal,3,2025,2,M24CA1L306,Data Science Lab,,Second Internal 2025,,,
Question Papers,Sample Papers,,3,,,M24CA1N308,Professional Ethics,,Sample Paper,,,
Question Papers,Semester Examination,,3,2024,,M24CA1N308,Professional Ethics,,Semester Exam 2024,,,
Question Papers,Internal Examination,First Internal,3,2024,1,M24CA1N308,Professional Ethics,,First Internal 2024,,,
Question Papers,Internal Examination,Second Internal,3,2024,2,M24CA1N308,Professional Ethics,,Second Internal 2024,,,
Question Papers,Semester Examination,,3,2025,,M24CA1N308,Professional Ethics,,Semester Exam 2025,,,
Question Papers,Internal Examination,First Internal,3,2025,1,M24CA1N308,Professional Ethics,,First Internal 2025,,,
Question Papers,Internal Examination,Second Internal,3,2025,2,M24CA1N308,Professional Ethics,,Second Internal 2025,,,
Lab Manuals,Record Samples,,1,,,M24CA1B105,Web Development Lab,,Record Sample,,,
Lab Manuals,Lab Question Papers,,1,2024,,M24CA1B105,Web Development Lab,,Lab Question Paper,,,
Lab Manuals,Lab Question Papers,,1,2025,,M24CA1B105,Web Development Lab,,Lab Question Paper,,,
Lab Manuals,Viva Questions,,1,,,M24CA1B105,Web Development Lab,,Viva Questions,,,
Lab Manuals,Micro Projects,,1,,,M24CA1B105,Web Development Lab,,Micro Project Sample 1,,,
Lab Manuals,Micro Projects,,1,,,M24CA1B105,Web Development Lab,,Micro Project Sample 2,,,
Lab Manuals,Record Samples,,1,,,M24CA1L106,Programming Lab,,Record Sample,,,
Lab Manuals,Lab Question Papers,,1,2024,,M24CA1L106,Programming Lab,,Lab Question Paper,,,
Lab Manuals,Lab Question Papers,,1,2025,,M24CA1L106,Programming Lab,,Lab Question Paper,,,
Lab Manuals,Viva Questions,,1,,,M24CA1L106,Programming Lab,,Viva Questions,,,
Lab Manuals,Micro Projects,,1,,,M24CA1L106,Programming Lab,,Micro Project Sample 1,,,
Lab Manuals,Micro Projects,,1,,,M24CA1L106,Programming Lab,,Micro Project Sample 2,,,
Lab Manuals,Record Samples,,1,,,M24CA1L107,Data Structures Lab,,Record Sample,,,
Lab Manuals,Lab Question Papers,,1,2024,,M24CA1L107,Data Structures Lab,,Lab Question Paper,,,
Lab Manuals,Lab Question Papers,,1,2025,,M24CA1L107,Data Structures Lab,,Lab Question Paper,,,
Lab Manuals,Viva Questions,,1,,,M24CA1L107,Data Structures Lab,,Viva Questions,,,
Lab Manuals,Record Samples,,1,,,M24CA1N108,Research Methodology,,Record Sample,,,
Lab Manuals,Lab Question Papers,,1,2024,,M24CA1N108,Research Methodology,,Lab Question Paper,,,
Lab Manuals,Lab Question Papers,,1,2025,,M24CA1N108,Research Methodology,,Lab Question Paper,,,
Lab Manuals,Viva Questions,,1,,,M24CA1N108,Research Methodology,,Viva Questions,,,
Lab Manuals,Record Samples,,2,,,M24CA1B205,OOP Lab,,Record Sample,,,
Lab Manuals,Lab Question Papers,,2,2024,,M24CA1B205,OOP Lab,,Lab Question Paper,,,
Lab Manuals,Lab Question Papers,,2,2025,,M24CA1B205,OOP Lab,,Lab Question Paper,,,
Lab Manuals,Viva Questions,,2,,,M24CA1B205,OOP Lab,,Viva Questions,,,
Lab Manuals,Micro Projects,,2,,,M24CA1B205,OOP Lab,,Micro Project Sample 1,,,
Lab Manuals,Micro Projects,,2,,,M24CA1B205,OOP Lab,,Micro Project Sample 2,,,
Lab Manuals,Record Samples,,2,,,M24CA1L206,Advanced Database Lab,,Record Sample,,,
Lab Manuals,Lab Question Papers,,2,2024,,M24CA1L206,Advanced Database Lab,,Lab Question Paper,,,
Lab Manuals,Lab Question Papers,,2,2025,,M24CA1L206,Advanced Database Lab,,Lab Question Paper,,,
Lab Manuals,Viva Questions,,2,,,M24CA1L206,Advanced Database Lab,,Viva Questions,,,
Lab Manuals,Record Samples,,2,,,M24CA1L207,Operating Systems Lab,,Record Sample,,,
Lab Manuals,Lab Question Papers,,2,2024,,M24CA1L207,Operating Systems Lab,,Lab Question Paper,,,
Lab Manuals,Lab Question Papers,,2,2025,,M24CA1L207,Operating Systems Lab,,Lab Question Paper,,,
Lab Manuals,Viva Questions,,2,,,M24CA1L207,Operating Systems Lab,,Viva Questions,,,
Lab Manuals,Record Samples,,2,,,M24CA1N208,PDLES,,Record Sample,,,
Lab Manuals,Lab Question Papers,,2,2024,,M24CA1N208,PDLES,,Lab Question Paper,,,
Lab Manuals,Lab Question Papers,,2,2025,,M24CA1N208,PDLES,,Lab Question Paper,,,
Lab Manuals,Viva Questions,,2,,,M24CA1N208,PDLES,,Viva Questions,,,
Lab Manuals,Record Samples,,3,,,M24CA1B305,Mobile App Lab,,Record Sample,,,
Lab Manuals,Lab Question Papers,,3,2024,,M24CA1B305,Mobile App Lab,,Lab Question Paper,,,
Lab Manuals,Lab Question Papers,,3,2025,,M24CA1B305,Mobile App Lab,,Lab Question Paper,,,
Lab Manuals,Viva Questions,,3,,,M24CA1B305,Mobile App Lab,,Viva Questions,,,
Lab Manuals,Micro Projects,,3,,,M24CA1B305,Mobile App Lab,,Micro Project Sample 1,,,
Lab Manuals,Micro Projects,,3,,,M24CA1B305,Mobile App Lab,,Micro Project Sample 2,,,
Lab Manuals,Record Samples,,3,,,M24CA1L306,Data Science Lab,,Record Sample,,,
Lab Manuals,Lab Question Papers,,3,2024,,M24CA1L306,Data Science Lab,,Lab Question Paper,,,
Lab Manuals,Lab Question Papers,,3,2025,,M24CA1L306,Data Science Lab,,Lab Question Paper,,,
Lab Manuals,Viva Questions,,3,,,M24CA1L306,Data Science Lab,,Viva Questions,,,
Lab Manuals,Record Samples,,3,,,M24CA1N308,Professional Ethics,,Record Sample,,,
Lab Manuals,Lab Question Papers,,3,2024,,M24CA1N308,Professional Ethics,,Lab Question Paper,,,
Lab Manuals,Lab Question Papers,,3,2025,,M24CA1N308,Professional Ethics,,Lab Question Paper,,,
Lab Manuals,Viva Questions,,3,,,M24CA1N308,Professional Ethics,,Viva Questions,,,
Projects,Mini Project,Abstract Template,,2024,,,,,Abstract Template,,,
Projects,Mini Project,Title Presentation Template,,2024,,,,,Title Presentation Template,,,
Projects,Mini Project,Final Presentation Template,,2024,,,,,Final Presentation Template,,,
Projects,Mini Project,Project Report Template,,2024,,,,,Project Report Template,,,
Projects,Mini Project,Abstract Template,,2025,,,,,Abstract Template,,,
Projects,Mini Project,Title Presentation Template,,2025,,,,,Title Presentation Template,,,
Projects,Mini Project,Final Presentation Template,,2025,,,,,Final Presentation Template,,,
Projects,Mini Project,Project Report Template,,2025,,,,,Project Report Template,,,
Projects,Main Project,Abstract Template,,2024,,,,,Abstract Template,,,
Projects,Main Project,Title Presentation Template,,2024,,,,,Title Presentation Template,,,
Projects,Main Project,Final Presentation Template,,2024,,,,,Final Presentation Template,,,
Projects,Main Project,Project Report Template,,2024,,,,,Project Report Template,,,
Projects,Main Project,Abstract Template,,2025,,,,,Abstract Template,,,
Projects,Main Project,Title Presentation Template,,2025,,,,,Title Presentation Template,,,
Projects,Main Project,Final Presentation Template,,2025,,,,,Final Presentation Template,,,
Projects,Main Project,Project Report Template,,2025,,,,,Project Report Template,,,
Reference Materials,Bridge Course,Previous Year Papers,,2024,,,,,Bridge Course PYQ,,,
Reference Materials,Bridge Course,Previous Year Papers,,2025,,,,,Bridge Course PYQ,,,
Reference Materials,Bridge Course,Syllabus,,,,,,,Syllabus,,,
Reference Materials,Bridge Course,Sample Papers,,,,,,,Sample Paper 1,,,
Reference Materials,Bridge Course,Sample Papers,,,,,,,Sample Paper 2,,,
Reference Materials,Internship Reports,,,,,,,,Internship Report 1,,,
Reference Materials,Internship Presentations,,,,,,,,Internship Presentation 1,,,
Reference Materials,Internship Reports,,,,,,,,Internship Report 2,,,
Reference Materials,Internship Presentations,,,,,,,,Internship Presentation 2,,,
Placement Materials,Aptitude,,,,,,,,Aptitude Sample 1,,,
Placement Materials,Aptitude,,,,,,,,Aptitude Sample 2,,,
Placement Materials,Technical,,,,,,,,Technical Sample 1,,,
Placement Materials,Technical,,,,,,,,Technical Sample 2,,,
Placement Materials,HR Interview,,,,,,,,HR Interview Sample 1,,,
Placement Materials,HR Interview,,,,,,,,HR Interview Sample 2,,,
Placement Materials,Resume Templates,,,,,,,,Resume Templates Sample 1,,,
Placement Materials,Resume Templates,,,,,,,,Resume Templates Sample 2,,,
